"Блок","№","Питання","Що валідуємо / навіщо","Відповідь (нотатки на зустрічі)"
"A. Контекст і роль","1","Скільки платформ на місяць виробляєте/інтегруєте і які типи (FPV, крило, VTOL, дальні strike, ISR)?","Масштаб і сегмент клієнта",""
"A. Контекст і роль","2","Навігацію робите in-house чи інтегруєте чужі модулі?","Роль: клієнт vs партнер-інтегратор",""
"A. Контекст і роль","3","Хто кінцевий замовник (підрозділи ЗСУ, ГУР, СБС, експорт) і хто підписує рішення про закупівлю?","ЛПР та канал продажів",""
"B. Реальний біль (GPS-denied)","4","Останній випадок, коли через глушіння/спуфінг місія провалилась — що саме сталося?","Реальний біль, а не гіпотеза",""
"B. Реальний біль (GPS-denied)","5","Який % втрат/невиконаних місій повʼязуєте саме з навігацією в РЕБ?","Кількісна вага проблеми",""
"B. Реальний біль (GPS-denied)","6","Що оператори роблять зараз, коли GPS лягає?","Поточні обхідні шляхи",""
"B. Реальний біль (GPS-denied)","7","Скільки це коштує в грошах? Це топ-3 проблема чи 5–10-та?","Пріоритет болю",""
"C. Поточні рішення","8","Які GPS-denied рішення вже тестували/ставили (OSCAR, TFL-1, Sine, власне)?","Конкурентне поле з їх слів",""
"C. Поточні рішення","9","Що лишилось у серії, а що відкинули — і ЧОМУ відкинули?","Критерії відмови = наші вимоги",""
"C. Поточні рішення","10","Скільки коштувала інтеграція кожного (гроші, тижні інженерів)? Найбільший головний біль?","Вартість інтеграції",""
"C. Поточні рішення","11","Чого бракувало, що доробляли самі?","Прогалини = наша можливість",""
"D. Тех. вимоги SWaP-C","12","Прийнятні габарити/вага/енергоспоживання? Де межа, за якою не влазить?","SWaP-обмеження",""
"D. Тех. вимоги SWaP-C","13","Яка точність реально потрібна — 30 м досить чи для strike <5 м?","Бенчмарк точності (Flyby 5–30 м)",""
"D. Тех. вимоги SWaP-C","14","Які інтерфейси/протоколи мусить підтримувати (MAVLink, CAN, UART, PX4/Ardupilot, власний)?","Сумісність інтеграції",""
"D. Тех. вимоги SWaP-C","15","Потрібна робота вдень і вночі? Тепловізор/ІЧ обовʼязково?","Режими роботи",""
"D. Тех. вимоги SWaP-C","16","Частота оновлення координат і поведінка при втраті картинки (хмари, дим)?","Надійність",""
"D. Тех. вимоги SWaP-C","17","Наскільки критична стійкість до спуфінгу vs просто глушіння?","Профіль загроз",""
"E. Сценарії та платформи","18","Під які місії найперше — strike, ISR, ретрансляція, рій?","Пріоритетний use-case",""
"E. Сценарії та платформи","19","На яких висотах/швидкостях літають платформи?","Робота map-matching",""
"E. Сценарії та платформи","20","Над якою місцевістю (поле, ліс, місто, вода)? Де поточні рішення сліпнуть?","Умови середовища",""
"F. Дані карт і місії","21","Хто готує карти/маршрути перед вильотом і скільки часу?","Операційне тертя",""
"F. Дані карт і місії","22","Звідки супутникові дані, чи є проблема з їх актуальністю?","Джерело/актуальність карт",""
"F. Дані карт і місії","23","Готові завантажувати попередню карту району чи потрібна повна автономність з коробки?","Модель роботи продукту",""
"G. Економіка та закупівля","24","Цільовий ціновий діапазон за модуль, щоб мав сенс у собівартості?","Готовність платити",""
"G. Економіка та закупівля","25","Думаєте як % від вартості дрона? Який % прийнятний?","Цінова прив'язка (бенчмарк TFL ~10–20%)",""
"G. Економіка та закупівля","26","Реалістичні обсяги — десятки, сотні, тисячі на місяць?","Обсяг ринку",""
"G. Економіка та закупівля","27","Як відбувається закупівля (Brave1, MoD, кодифікація НАТО, власні кошти)? Цикл?","Процес і терміни",""
"G. Економіка та закупівля","28","Що важливіше: ціна, швидкість інтеграції чи надійність? Проранжуйте.","Ціннісні пріоритети",""
"H. Кінцевий користувач","29","Що конкретно просять підрозділи-оператори щодо навігації? (цитати)","Голос ринку",""
"H. Кінцевий користувач","30","Які 2–3 характеристики впливають на рішення підрозділу беремо/ні?","Ключові драйвери рішення",""
"H. Кінцевий користувач","31","Хто ще страждає від тієї ж проблеми так само сильно?","Розмір сегмента",""
"I. Масштабування/експорт","32","Що суто українське у вимогах, а що потрібне і арміям НАТО/експорту?","Універсальне vs локальне",""
"I. Масштабування/експорт","33","Які експортні ринки плануєте і чим там відрізняються вимоги?","Гео-масштабування",""
"I. Масштабування/експорт","34","Що заблокує продаж за кордон (сертифікація, компоненти, NATO-ready, бойовий кейс)?","Барʼєри експорту",""
"I. Масштабування/експорт","35","Зовнішній ринок цінує 'battle-proven in Ukraine' чи вимагає локальних тестів?","Позиціонування на експорт",""
"J. Модель партнерства","36","Формат: готовий OEM-модуль, ліцензія на ПЗ під ваше залізо, чи co-dev?","Бізнес-модель співпраці",""
"J. Модель партнерства","37","Який рівень супроводу/SLA потрібен для постановки в серію?","Вимоги до підтримки",""
"J. Модель партнерства","38","Що має статися на пілоті, щоб перейти до серійних закупівель? (метрики успіху)","Критерії успіху пілоту",""
"J. Модель партнерства","39","Готові бути референс-партнером/першим інтегратором для інших країн?","Стратегічне партнерство",""
"K. Конкуренти","40","Якби завтра закривали проблему — до кого пішли б першим і чому?","Реальні альтернативи",""
"K. Конкуренти","41","Що конкуренти роблять добре, а де слабкість, якою скористатись?","Позиціонування",""
"L. Наступні кроки","42","Хто ще з вашого боку має бути в наступній розмові?","Розширення контактів",""
"L. Наступні кроки","43","Чи можемо організувати обмежений польовий тест на одній платформі?","Перехід до дії",""
"L. Наступні кроки","44","Чи познайомите з 1–2 підрозділами-операторами?","Доступ до кінцевих користувачів",""
"","","","",""
"★ Гіпотеза 1 — ЦІНА","","Який % від вартості дрона ринок проковтне за навігацію (бенчмарк TFL ~10–20%)","Валідувати на зустрічі",""
"★ Гіпотеза 2 — ТОЧНІСТЬ","","5–30 м достатньо чи для strike треба <5 м (бар: Saab ~3 м, Theseus/OKSI ~5 м)","Валідувати на зустрічі",""
"★ Гіпотеза 3 — ФОРМАТ","","OEM-модуль vs ліцензія — що дає швидший шлях у серію","Валідувати на зустрічі",""
"★ Гіпотеза 4 — ЕКСПОРТ","","Що робить рішення продаваним поза Україною (сертифікація/NATO-ready)","Валідувати на зустрічі",""
