Company,Booth,Hall
25th Infantry Division Association,TBD,
360 Military-Veterans Partnership,AUSAPavilion,
3M Company,2803,Hall ABC
4C Strategies (4C North America),3944,Hall ABC
A W Bell,7627,Hall DE
AAR,2115,Hall ABC
ABET High Tech Solutions SRL,409,Hall ABC
Acacia Systems,7627,Hall DE
Acapulka AS,2817,Hall ABC
Accenture,439,Hall ABC
AccuBeat Ltd.,739,Hall ABC
"Accurate Energetic Systems, LLC",4217,Hall ABC
Accusonic Voice Systems,3255,Hall ABC
Adamant Composites,1603,Hall ABC
Adjutant General's Corps Regimental Association,AUSAPavilion,
"ADS, Inc",3117,Hall ABC
"Advanced Cooling Technologies, Inc.",210,Hall ABC
Advanced Navigation,7627,Hall DE
Advanced Technology International,2849,Hall ABC
Advanced Technology Systems Company,4045,Hall ABC
Advantech,2266,Hall ABC
AeroGlow LLC,208,Hall ABC
"Aeronix, Inc",3054,Hall ABC
Aeroservices S.A.,1603,Hall ABC
Aerospace Management and Support PCC,1603,Hall ABC
AeroVironment (AV),7515,Hall DE
AEVEX,4243,Hall ABC
AGI,4332,Hall ABC
Aimpoint Inc,1455,Hall ABC
Air,7841,Hall DE
Airborne Systems,2019,Hall ABC
Airbus,1039,Hall ABC
AKE Safety Equipment,7518,Hall DE
Allient Defense,3439,Hall ABC
Allison Transmission,8227,Hall DE
Alta Ares,7643,Hall DE
AM General,1925,Hall ABC
Amazon,6613,Hall DE
Amazon Business,6613,Hall DE
Amazon Web Services,6613,Hall DE
AMBIENT ARMS,7520,Hall DE
AMDA Foundation Limited,7627,Hall DE
AME Systems (VIC) Pty Ltd,7627,Hall DE
Amentum,7117,Hall DE
Amerex Defense,7153,Hall DE
American Armed Forces Mutual Aid Association,AUSAPavilion,
American Battle Monuments Foundation,319,Hall ABC
American Corporate Partners (ACP),327,Hall ABC
American Red Cross - Washington DC,434,Hall ABC
American Rheinmetall,2825,Hall ABC
American-Hellenic Chamber of Commerce,1603,Hall ABC
AMETEK,751,Hall ABC
Amphenol Military and Aerospace Operations,4005,Hall ABC
AMSUS – Society of Federal Health Professionals,AUSAPavilion,
Anduril,151,Hall ABC
"Antenna Research Associates, Inc",3055,Hall ABC
APEX Space & Defense Systems,4325,Hall ABC
Appian,667,Hall ABC
"Applied Research Associates, Inc.",1917,Hall ABC
Arete,4319,Hall ABC
Arkeus,7627,Hall DE
Armed Forces Mutual,428,Hall ABC
Armed Services YMCA of the USA,424,Hall ABC
Armor Australia Pty Limited,7627,Hall DE
Army & Air Force Exchange Service,3425,Hall ABC
Army Fisher House,335,Hall ABC
Army Historical Foundation,AUSAPavilion,
Army Nurses Corps Association,AUSAPavilion,
Army Public Affairs Association,AUSAPavilion,
Army Strategist Association,AUSAPavilion,
Ascent US LLC,7627,Hall DE
ASCO Sintering Co,512,Hall ABC
Ashot Ashkelon Industries Ltd.,938,Hall ABC
ASIO,739,Hall ABC
ASRC Federal,3847,Hall ABC
Astronics,3355,Hall ABC
ATESCI,6153,Hall DE
ATI,4039,Hall ABC
"Atrenne, A Celestica Company",4145,Hall ABC
AUSA Association Partners Pavilion,AUSAPavilion,
Australian Department of Defence,7627,Hall DE
Auterion,4345,Hall ABC
"Automark, Inc.",7417,Hall DE
Avalon Holographic Inc.,2267,Hall ABC
Avon Protection | Team Wendy Ceradyne | Team Wendy,855,Hall ABC
Axiom Precision Manufacturing,7627,Hall DE
Axnes,2817,Hall ABC
Axon,1361,Hall ABC
"B.E. Meyers & Co., Inc.",4025,Hall ABC
Babel Street,7853,Hall DE
BAE Systems,6027,Hall DE
Bale Defence,7627,Hall DE
"Barrett Firearms Manufacturing, Inc.",2143,Hall ABC
"Bascom Hunter Technologies, Inc.",7053,Hall DE
BDSV Exhibitions e.V.,7022,Hall DE
BeaverFit,7327,Hall DE
"Bel, Aerospace & Defense (Cinch, Milpower)",3146,Hall ABC
Bell,2425,Hall ABC
Benchmark Connector Corp.,7514,Hall DE
Benelec Pty Ltd,7627,Hall DE
Beretta Defense Technologies,517,Hall ABC
Berg Tool Fabrication & Machining,3752,Hall ABC
Bernier Connect S.A.S,7641,Hall DE
Black Sky Aerospace,7627,Hall DE
BLADE,7241,Hall DE
Blue Cross Blue Shield Association,427,Hall ABC
Blue Raven,7827,Hall DE
Blue Water Shipping A/S,7817,Hall DE
BlueRoom Simulations,7627,Hall DE
Bluesky Innovations,2247,Hall ABC
Bodd,7627,Hall DE
Boeing,6041,Hall DE
BOH Solutions,3343,Hall ABC
"BOLD TECHNOLOGY NORTH AMERICA, INC",7419,Hall DE
Bombardier Defense,8001,Hall DE
Booz Allen Hamilton,609,Hall ABC
Boresight Pty Ltd,7627,Hall DE
BOSTON DYNAMICS,1567,Hall ABC
Breaker,7627,Hall DE
Bren-Tronics,2609,Hall ABC
Brownstone Consulting,7627,Hall DE
BXL Boxloader,7740,Hall DE
C.E. Niehoff & Co.,2811,Hall ABC
CACI International Inc,1649,Hall ABC
Camgian Corporation,4303,Hall ABC
Canada Pavilion,6841,Hall DE
Capital Shield Australia Pty Ltd,7627,Hall DE
Caracal USA,4325,Hall ABC
Carahsoft,4255,Hall ABC
Carmenta Inc.,7355,Hall DE
Carnegie Mellon University Software Engineering Institute,511,Hall ABC
Caterpillar Inc.,6827,Hall DE
CEA Technologies Pty Limited,7627,Hall DE
CEIA USA,4113,Hall ABC
Celestica,4145,Hall ABC
CFC Defence,ODA1,Outdoor Exhibits
Choctaw Defense,3155,Hall ABC
"Chugach Government Solutions, LLC",8059,Hall DE
Civil Affairs Association,AUSAPavilion,
Cloudflare,4255,Hall ABC
Club Beyond/Military Community Youth Ministries,433,Hall ABC
Cobra AERO,3752,Hall ABC
Cochl Inc,1939,Hall ABC
"Codemettle, LLC",2167,Hall ABC
COGES,7643,Hall DE
Cohere,4255,Hall ABC
Collins Aerospace,1305,Hall ABC
Colt's Manufacturing Company LLC,7547,Hall DE
Columbia Southern University,8207,Hall DE
CompuLink,7754,Hall DE
Comrod Inc,1667,Hall ABC
Concept2 Inc,7327,Hall DE
Conflict Kinetics,7327,Hall DE
Conflux Technology Pty Ltd,7627,Hall DE
Connect Tech,953,Hall ABC
Contact Corporation,6452,Hall DE
Continental Electronics,8301,Hall DE
"Control Solutions, LLC",1048,Hall ABC
CONTROP USA INC.,2225,Hall ABC
ConXus A/S,7817,Hall DE
Copamate,7627,Hall DE
Coreshell Technologies,131,Hall ABC
CoVar,4053,Hall ABC
Crane Aerospace & Electronics,1967,Hall ABC
"CRFS, Inc.",7833,Hall DE
Critical Infrastructure Technologies,7627,Hall DE
"Crystal Group, Inc.",2114,Hall ABC
CTI-Intl Solutions Ltd.,739,Hall ABC
Cubic Defense,8217,Hall DE
Cummins,2239,Hall ABC
Curtiss-Wright,1061,Hall ABC
Custom Wheel Solutions LLC,7553,Hall DE
Cyalume Light Technology-Safariland,3315,Hall ABC
D'Aniello Institute For Veterans and Military Families at Syracuse,331,Hall ABC
Dabeeo Inc.,1939,Hall ABC
Dagan-Optics Ltd.,739,Hall ABC
DAMBA.TECH,ODA1,Outdoor Exhibits
Daniel Defense,161,Hall ABC
Danner,4209,Hall ABC
Darley Defense,4017,Hall ABC
Dataminr,2853,Hall ABC
DataShapes AI,506,Hall ABC
Day & Zimmermann,2539,Hall ABC
DCS Corporation,6552,Hall DE
Decavo,4325,Hall ABC
Decision Lens,4054,Hall ABC
DEFEA - Defence Exhibition Athens,1603,Hall ABC
Defendtex Military Products PTY LTD,7627,Hall DE
Defense Logistics Agency,318,Hall ABC
Defense News/Army Times,2917,Hall ABC
Defense Security Cooperation Agency,2339,Hall ABC
Dell Technologies,117,Hall ABC
Deloitte,1807,Hall ABC
"Desapro, Inc.",1549,Hall ABC
Deschamps,7541,Hall DE
DFND USA,7327,Hall DE
DI Danish Defence and Security Industries Association,7817,Hall DE
"DI Optical Co., Ltd.",1939,Hall ABC
Diehl Defence GmbH & Co. KG,6817,Hall DE
Dog Tag Inc,333,Hall ABC
Don Kyatt Spare Parts,7627,Hall DE
"Donaldson Company, Inc.",8203,Hall DE
Doodle Labs,4153,Hall ABC
"DOW, Military OneSource/SpouseWorks",425,Hall ABC
Drip Drop Hydration,7327,Hall DE
Drone Forge,7627,Hall DE
Droneshield Limited,7627,Hall DE
DTC | A Codan Company,7627,Hall DE
Dynamit Nobel Defence,6921,Hall DE
"EchoMAV Technologies, Inc.",7404,Hall DE
"Edge Foundry Co., Ltd.",1939,Hall ABC
EFA Group,1603,Hall ABC
EIZO Rugged Solutions,6018,Hall DE
Electromet Rugged Enclosures,1549,Hall ABC
"ELGENS Co., Ltd",413,Hall ABC
Elma Electronic Inc.,343,Hall ABC
ELMON S.A.,1603,Hall ABC
Emcor Enclosures,1549,Hall ABC
Emcore,1052,Hall ABC
Empact ApS,7817,Hall DE
Encoder Products Company,4325,Hall ABC
Enduraphin,7327,Hall DE
Enercon,207,Hall ABC
"EnerSys, Inc",2509,Hall ABC
Enterprise Greece,1603,Hall ABC
entX Limited,7627,Hall DE
EOS Defense Systems USA,3552,Hall ABC
Epirus,442,Hall ABC
Equipto Electronics Corporation,1549,Hall ABC
Esri,8421,Hall DE
Exiger,969,Hall ABC
Fahrenheit,ODA1,Outdoor Exhibits
Falck-Schmidt corp,6854,Hall DE
FalCom,7817,Hall DE
"FAUN Trackway USA, Inc.",8053,Hall DE
FDH Aero,7847,Hall DE
Federal News Network,Hall A Escalato,
Ferra,7627,Hall DE
Fibrotex USA. Inc.,309,Hall ABC
"Fischer Connectors, Inc.",2015,Hall ABC
Fivecast PTY LTD,7627,Hall DE
"Flash Steelworks, Inc",3752,Hall ABC
Fluor,1639,Hall ABC
"Flyer Defense, LLC.",231,Hall ABC
"FN America, LLC",3403,Hall ABC
Fognigma,514,Hall ABC
Forterra,461,Hall ABC
Fortifyedge,7627,Hall DE
Fotokite,6154,Hall DE
French Pavilion Lounge,7642,Hall DE
"FUNZIN CO., LTD",1939,Hall ABC
Gaardtech Pty Ltd,7627,Hall DE
GAIM,1455,Hall ABC
Galvion,7917,Hall DE
Game Ready/Avanos Medical Sales,7327,Hall DE
GE Aerospace,6215,Hall DE
Gemstar Protective Hard Cases,539,Hall ABC
General Atomics,6619,Hall DE
General Digital,529,Hall ABC
General Dynamics Information Technology,717,Hall ABC
General Dynamics Land Systems,703,Hall ABC
General Dynamics Mission Systems,907,Hall ABC
General Dynamics Mission Systems,917,Hall ABC
General Dynamics Ordnance and Tactical Systems,1013,Hall ABC
"General Micro Systems, Inc.",4339,Hall ABC
Genesis Arms,4325,Hall ABC
Gentex Corporation / Ops-Core,8133,Hall DE
Georgia Tech Research Institute,965,Hall ABC
GICAT,7643,Hall DE
Gladiator Technologies,4325,Hall ABC
"Glenair, Inc.",649,Hall ABC
Global Ordnance,2743,Hall ABC
Global Tungsten & Powders,527,Hall ABC
"Glock, Inc.",3839,Hall ABC
GM Defense,8041,Hall DE
GME Pty Ltd.,7627,Hall DE
"Golight, Inc.",2161,Hall ABC
Goodyear Tire & Rubber Co.,7647,Hall DE
GORE-TEX Professional,3009,Hall ABC
Great Lakes Sound and Vibrations,3752,Hall ABC
Greenroom Robotics,7627,Hall DE
Greentide Target Solutions,7627,Hall DE
GRVTY,ODB1,Outdoor Exhibits
Guaranteed Rate,320,Hall ABC
Hanwha Defense USA,8327,Hall DE
Heaviside Industries,2817,Hall ABC
Heckler & Koch Defense,533,Hall ABC
Hellenic Defence Systems S.A.,1603,Hall ABC
Hellenic Ministry of National Defence – GDDIA,1603,Hall ABC
HENSOLDT,3643,Hall ABC
Heven AeroTech,4325,Hall ABC
Hewlett Packard Enterprise,7927,Hall DE
HGH USA,3254,Hall ABC
"High Impact Technology, LLC",961,Hall ABC
Hiring Our Heroes,430,Hall ABC
Homes For Our Troops,325,Hall ABC
Honeywell Aerospace,2205,Hall ABC
Horstman Group,1843,Hall ABC
Huntsville/Madison County Convention & Visitors Bureau,2955,Hall ABC
Hutchinson Industries,3825,Hall ABC
Hydrobey LLC,419,Hall ABC
"I-Spec Co., Ltd.",1939,Hall ABC
i3 ics,317,Hall ABC
IAI,3525,Hall ABC
IBM Corporation,1903,Hall ABC
IEC Infrared Systems / Precision Remotes,3452,Hall ABC
IEE,1060,Hall ABC
IMCO Industries Ltd.,940,Hall ABC
"IMSAR, LLC",1767,Hall ABC
"Inertial Labs, a VIAVI Solutions company",4248,Hall ABC
infiniDome Solutions,739,Hall ABC
Innovaero Pty Ltd,7627,Hall DE
InQuik,7627,Hall DE
Integris Composites,3017,Hall ABC
IntelliDesign,7627,Hall DE
"Intellisense Systems, Inc.",2366,Hall ABC
InterContinental Hotels Group,8304,Hall DE
Interstate Connecting Components,8101,Hall DE
INTRACOM DEFENSE S.A.,1603,Hall ABC
Inventus Power,3142,Hall ABC
INVISIO A/S,7817,Hall DE
INVISIO Inc.,7901,Hall DE
"Iridium Communications, Inc.",7701,Hall DE
Isodyne Inc,6753,Hall DE
Isolation Dynamics Corporation,1549,Hall ABC
ITI Engineering,3053,Hall ABC
"ITT Cannon, Enidine, Koni Brands",1161,Hall ABC
"JCB, Inc.",2713,Hall ABC
"JENOPTIK Optical Systems, LLC",525,Hall ABC
Jonathan Engineered Solutions,1549,Hall ABC
Jonathan Group®,1549,Hall ABC
Junghans Defence,6817,Hall DE
JVAT,7627,Hall DE
KBR,2231,Hall ABC
Kearfott Corporation,2153,Hall ABC
Keel,8351,Hall DE
Keelback (Powered by Grabba Technologies Group),7627,Hall DE
Kipper Tool,2120,Hall ABC
Kitron,2817,Hall ABC
KNDS,2839,Hall ABC
Knight's Armament Company,8300,Hall DE
KONGSBERG,1049,Hall ABC
Kontron,7352,Hall DE
Kord Defence Pty Ltd,7627,Hall DE
Korea Defense,1939,Hall ABC
"Kratos Defense & Security Solutions, Inc.",7801,Hall DE
KRH,3147,Hall ABC
KRIT (Korea Research Institute for Defense Technology Planning and Advancement),1939,Hall ABC
Kvertus,ODA1,Outdoor Exhibits
L3Harris Technologies,6527,Hall DE
LACROIX,7643,Hall DE
"Laser Shot, Inc.",125,Hall ABC
Laserchill Defence Australia,7627,Hall DE
LCR Embedded Systems,1549,Hall ABC
Leading Technology Composites,2163,Hall ABC
Leidos,7211,Hall DE
Leonardo DRS,6341,Hall DE
"Leupold & Stevens, Inc.",2259,Hall ABC
Levett Engineering,7627,Hall DE
"LiteFighter Systems, LLC",8341,Hall DE
Live Tech Demo,1617,Hall ABC
Live Tech Demo,1725,Hall ABC
LKD Aerospace,4325,Hall ABC
LMI,1817,Hall ABC
LMT Defense,3247,Hall ABC
"LOC Industries, Inc.",3752,Hall ABC
Lockheed Martin,1025,Hall ABC
Lockheed Martin Corporation,1339,Hall ABC
LOTUS International Co. Ltd.,1939,Hall ABC
Lowental Hybrid,739,Hall ABC
LRAD by Genasys,610,Hall ABC
Lumibird,4325,Hall ABC
Lynred USA,640,Hall ABC
M1 Support Services,213,Hall ABC
Mack Defense,7501,Hall DE
MAG,4324,Hall ABC
Magam Safety Ltd.,739,Hall ABC
Major Talent,431,Hall ABC
MAK Technologies,446,Hall ABC
ManTech,7741,Hall DE
Mantis,4253,Hall ABC
Marand,7627,Hall DE
Marathon Targets,2061,Hall ABC
Marconi Technologies,139,Hall ABC
Maris Tech,761,Hall ABC
Marmon-Herrington,7016,Hall DE
Marvin Land Systems,1251,Hall ABC
Maxim Defense,2817,Hall ABC
"MaxVision, Rugged Portable Computers",2260,Hall ABC
MBDA Inc.,453,Hall ABC
Mercury Systems,1445,Hall ABC
Meta Bureau US Inc,ODA1,Outdoor Exhibits
Metlen - M Technologies,1603,Hall ABC
"Michelin North America, Inc.",7347,Hall DE
Michigan Office of Defense & Aerospace Innovation,3752,Hall ABC
Micro-X Ltd,7627,Hall DE
Microsoft,2415,Hall ABC
MilDef,7707,Hall DE
Military Child Education Coalition,530,Hall ABC
Military Cyber Professionals Association,AUSAPavilion,
Military Equipment Denmark A/S,7817,Hall DE
"Military Order of the Purple Heart, USA, Inc.",AUSAPavilion,
Military Order of the World Wars,AUSAPavilion,
Milliken & Company,2133,Hall ABC
Miltope Corporation,446,Hall ABC
Missile Defense Agency,6022,Hall DE
"Mission Ready Services, Inc.",2551,Hall ABC
Mistral Group,3613,Hall ABC
Mobilicom Inc,7305,Hall DE
"Moog, Inc.",1947,Hall ABC
MOORI Technologies Co.,1939,Hall ABC
Morning Star Co.,7643,Hall DE
Motorola Solutions,7833,Hall DE
Multicut A/S,7817,Hall DE
MyDefence,7817,Hall DE
MYOS Technology,7327,Hall DE
Myriota,7627,Hall DE
MyVetBENEFITS,329,Hall ABC
NAL Technologies,2954,Hall ABC
Nammo Defense Systems Inc.,3105,Hall ABC
National Advanced Mobility Consortium (NAMC),131,Hall ABC
National Armaments Consortium,2949,Hall ABC
National Cemetery Administration,416,Hall ABC
National Defense Corporation,867,Hall ABC
National Defense Industrial Association (NDIA),1050,Hall ABC
National Infantry Association,AUSAPavilion,
National Precision Bearing,4325,Hall ABC
National University,206,Hall ABC
Navigate A/S,7817,Hall DE
Navy Federal Credit Union,638,Hall ABC
"NCS Technologies, Inc",510,Hall ABC
ND Defense LLC,3752,Hall ABC
"New Use Energy Solutions, Inc.",4325,Hall ABC
NIOA Group,2143,Hall ABC
nLIGHT,4325,Hall ABC
Nobles Worldwide,3831,Hall ABC
"Norotos, Inc",1068,Hall ABC
North American Rescue,219,Hall ABC
Northrop Grumman,6313,Hall DE
Northwest Fourslide,4325,Hall ABC
Northwest UAV,4325,Hall ABC
Norwegian-American Defense Industry Council,2817,Hall ABC
Nova Electric,509,Hall ABC
NovAtel Inc.,8211,Hall DE
Nutanix,4255,Hall ABC
NVTS Night Vision Technology Solutions Inc,2067,Hall ABC
"Oakley, Inc.",3607,Hall ABC
Octasic Inc,1866,Hall ABC
Octave Federal,8310,Hall DE
"ODU-USA, Inc.",4233,Hall ABC
Oklahoma Department of Commerce,4303,Hall ABC
Olin Winchester,3411,Hall ABC
One Response Pty Ltd,7627,Hall DE
One Stop Systems (OSS),7454,Hall DE
Onebrief,1961,Hall ABC
ONEIL,505,Hall ABC
Ontime Networks,2817,Hall ABC
Operation Deploy Your Dress,524,Hall ABC
Operator XR,7627,Hall DE
Optical Cable Corporation,4229,Hall ABC
Oran Safety Glass Inc.,1561,Hall ABC
ORB Aerospace,3752,Hall ABC
ORBIT Communication Systems,847,Hall ABC
Orbit International Corp,2109,Hall ABC
Orkid Tech,7415,Hall DE
Oshkosh Defense,6941,Hall DE
OSI Optoelectronics,8301,Hall DE
OSIRIS AI,ODA1,Outdoor Exhibits
OTTO,8321,Hall DE
Our Military Kids,528,Hall ABC
Oura,7327,Hall DE
Overland AI,3307,Hall ABC
Overwatch Imaging,4325,Hall ABC
Pacific Defense,102,Hall ABC
Pacific Northwest Defense Coalition (PNDC),4325,Hall ABC
Pacific Scientific Energetic Materials Company,949,Hall ABC
Palantir Technologies,445,Hall ABC
PALFINGER North America,7640,Hall DE
Paligen Technologies,2359,Hall ABC
Panasonic Connect TOUGHBOOK,7341,Hall DE
ParaZero Technologies,739,Hall ABC
Parker Hannifin Corporation,6427,Hall DE
"Parry Labs, LLC",6254,Hall DE
Parsons Corporation,8315,Hall DE
Paxis LTD,739,Hall ABC
Pearson Engineering Ltd.,661,Hall ABC
Pelican Products,2603,Hall ABC
Peraton,8449,Hall DE
Perfect Engineering Pty Ltd,7627,Hall DE
Persistent Systems,7809,Hall DE
Phantom Defense,ODA1,Outdoor Exhibits
Phantom Products Inc.,8541,Hall DE
PIC Wire & Cable,3845,Hall ABC
"Picogrid, Inc.",421,Hall ABC
PINETTE PEI,7643,Hall DE
Plasan,2407,Hall ABC
Platatac Australia,7627,Hall DE
Pluribus,7423,Hall DE
Point Blank Enterprises,2707,Hall ABC
Point Trading Group,7627,Hall DE
Poongsan Corporation,2903,Hall ABC
Power Device Corporation,617,Hall ABC
Praetorian Aeronautics,7627,Hall DE
Primordial Labs,131,Hall ABC
PrioriAnalytica,7627,Hall DE
Pro-Shot Defense,6020,Hall DE
Progress Defense Corporation,411,Hall ABC
PSIONIC Inc.,518,Hall ABC
PTS Expeditionary Communications,7440,Hall DE
Purdue Global,4154,Hall ABC
PVP Advanced EO Systems Inc.,7453,Hall DE
PWR Advanced Cooling Technology,7627,Hall DE
QinetiQ,3417,Hall ABC
Quadsat ApS,7817,Hall DE
Qualco Group,1603,Hall ABC
Quantum-Systems Inc.,4204,Hall ABC
Rafael Advanced Defense Systems Ltd,3225,Hall ABC
RAIDER Targetry,7627,Hall DE
Rapid Deployable Systems & Mission Ready Services,2551,Hall ABC
"Rapid Deployable Systems, LLC",2551,Hall ABC
Rapiscan,8301,Hall DE
Ravelin Defense,1243,Hall ABC
Raytheon An RTX Business,1305,Hall ABC
Reactive Drones,ODA1,Outdoor Exhibits
ReconRobotics,7406,Hall DE
Red Cat,353,Hall ABC
REDARC Defence & Space,7627,Hall DE
Redler Technologies,739,Hall ABC
RedTail Technology Pty Ltd,7627,Hall DE
Redwire,2125,Hall ABC
Regal Rexnord Aerospace and Defense Solutions,4055,Hall ABC
RENK Group,1843,Hall ABC
REPKON,2358,Hall ABC
"Revision Military, Ltd.",604,Hall ABC
Robert Irvine Foundation,429,Hall ABC
Robin Radar Systems,7205,Hall DE
Rocky,3950,Hall ABC
Rolls-Royce,2215,Hall ABC
Ronson Gears,7627,Hall DE
Rosebank Engineering,7627,Hall DE
RTX,1305,Hall ABC
RUEVIT,ODA1,Outdoor Exhibits
S2 Global,8301,Hall DE
"Saab, Inc.",3713,Hall ABC
"Safran Defense & Space, Inc.",3703,Hall ABC
SAIC,7441,Hall DE
Saint-Gobain,1867,Hall ABC
Salesforce: Missionforce National Security,8107,Hall DE
Samsung Electronics America,107,Hall ABC
Samtec,7857,Hall DE
SAP Public Services,4119,Hall ABC
SAPA Transmission,3943,Hall ABC
SBG Systems,7643,Hall DE
SBR-Tech,3752,Hall ABC
"SCD.USA Infrared, LLC",367,Hall ABC
Scepter Inc.,2264,Hall ABC
Schaefer Electronics Inc,4105,Hall ABC
SCHROTH Safety Products LLC,6252,Hall DE
"SCI Technology, Inc.",861,Hall ABC
Scientific Systems,131,Hall ABC
ScioTeq,1543,Hall ABC
"Sealevel Systems, Inc.",2855,Hall ABC
"Secure Logic, LLC.",7327,Hall DE
Seiler Precision Manufacturing,624,Hall ABC
Seitec,7627,Hall DE
Sekai Electronics Inc,628,Hall ABC
Senaptec,7327,Hall DE
Senetas Security Pty Ltd,7627,Hall DE
Senior Army Reserve Commanders Association,AUSAPavilion,
Serco Inc.,7327,Hall DE
ServiceNow,4149,Hall ABC
Shanin LLC,3752,Hall ABC
Shield AI,1661,Hall ABC
Shift5,8201,Hall DE
Shifters AI inc.,7307,Hall DE
SIBAT - Israel Ministry of Defense,739,Hall ABC
SIBAT - Israel Ministry of Defense,849,Hall ABC
"SICH Ukraine, LLC",ODA1,Outdoor Exhibits
Siemens,347,Hall ABC
Siemens eXplore tour,ODC1,Outdoor Exhibits
SIG SAUER,8015,Hall DE
Sightline Intelligence,4325,Hall ABC
Silentium Defense,7627,Hall DE
"Silvus Technologies, Inc.",7833,Hall DE
SimCentric Technologies,7627,Hall DE
Skyborne Technologies USA LLC,7627,Hall DE
SKYCOPE C-UAS TECHNOLOGIES INC,407,Hall ABC
Skydio,1067,Hall ABC
Skyfront Corporation,8057,Hall DE
SmartShooter,361,Hall ABC
"Smith & Wesson, Inc.",3739,Hall ABC
Snap-on Industrial,4155,Hall ABC
SNC,2443,Hall ABC
Society of American Military Engineers,AUSAPavilion,
Sol Security Labs By Radiant,739,Hall ABC
Solarcore,4325,Hall ABC
SolarPaint,739,Hall ABC
Soldier for Life/Army Retirement Services,415,Hall ABC
Somewear Labs,516,Hall ABC
Soucy International Inc.,3745,Hall ABC
SourceAmerica,2208,Hall ABC
Southern Launch,7627,Hall DE
Southwest Research Institute,3849,Hall ABC
Sovereign Propulsion Systems Pty Ltd,7627,Hall DE
Spear UAV,1167,Hall ABC
Special Forces Association,AUSAPavilion,
SPIRIT AERONAUTICAL SYSTEMS S.A. (SAS TECHNOLOGY),1603,Hall ABC
Squarehead Technology,2817,Hall ABC
"SRC, Inc.",3139,Hall ABC
ST Engineering North America,446,Hall ABC
Standard Armament (SAI),1064,Hall ABC
Star-Batt,4325,Hall ABC
"StartGuides, LLC",6001,Hall DE
STEADICOPTER,841,Hall ABC
Stella Engineering,7627,Hall DE
Stellarion,ODA1,Outdoor Exhibits
Strang International Pty Ltd,7627,Hall DE
Strikepoint,7627,Hall DE
Striveworks,643,Hall ABC
STRUMKO ENERGY LLC,ODA1,Outdoor Exhibits
SUPERGUM GROUP,839,Hall ABC
SupplyCore,553,Hall ABC
"SynQor, Inc.",261,Hall ABC
Systel Inc,2325,Hall ABC
Systematic Inc.,8153,Hall DE
T2COM/ASA (ALT)Assembly Area,1711,Hall ABC
Tantec A/S,7817,Hall DE
Targun UGV,ODA1,Outdoor Exhibits
TE Connectivity,4125,Hall ABC
Teamworks,7327,Hall DE
Teledyne FLIR Defense,6013,Hall DE
Teleplan Globe AS,2817,Hall ABC
TEMMA SA,1603,Hall ABC
Tencate Protective Fabrics,943,Hall ABC
TENCORE,ODA1,Outdoor Exhibits
Textron Systems,2515,Hall ABC
Thales,8027,Hall DE
The Barry Robinson Center,534,Hall ABC
The National Ranger Memorial Foundation,AUSAPavilion,
The National Society of Pershing Rifles,AUSAPavilion,
"The Progress Group, Inc.",411,Hall ABC
"THE ROCKS, Inc.",AUSAPavilion,
The Walt Disney Company,315,Hall ABC
The Whiskey Project Group Ltd,7627,Hall DE
The Will-Burt Company,4031,Hall ABC
Theon Sensors,1603,Hall ABC
Thermal Beacon LTD,739,Hall ABC
Third Army Corps,ODA1,Outdoor Exhibits
Thomas Global Systems,7627,Hall DE
Thunder Tiger Industries Inc.,3447,Hall ABC
Thunderbird LLC,7653,Hall DE
TICRA,7817,Hall DE
Times Microwave Systems,4124,Hall ABC
Toll,7627,Hall DE
TOMER,1439,Hall ABC
TopFlite Components LLC,7356,Hall DE
Toray Group,2263,Hall ABC
"Trac9, LLC",417,Hall ABC
Tracense Systems,739,Hall ABC
Tracer Tactical,4325,Hall ABC
Tragedy Assistance Program For Survivors (TAPS),426,Hall ABC
Trakka Systems,7627,Hall DE
Transaero Inc.,3043,Hall ABC
"Transhield, Inc.",6953,Hall DE
Trexon,4213,Hall ABC
"Trijicon, Inc.",225,Hall ABC
Trim Robotics,1167,Hall ABC
TRX Systems,3047,Hall ABC
TSC,4308,Hall ABC
TTM Technologies,8033,Hall DE
TUALCOM USA,504,Hall ABC
Tunnel to Towers,418,Hall ABC
TurbineOne,4328,Hall ABC
Tutor.Com For U.S. Military Families,435,Hall ABC
Twenty-Six Defense,625,Hall ABC
Tycho.AI,7516,Hall DE
TYR Tactical,6253,Hall DE
U-Tactic,ODA1,Outdoor Exhibits
U.S. Army Exhibit and Warriors Corner,7027,Hall DE
U.S. Army Pathway for Innovation and Technology (PIT),1525,Hall ABC
U.S. Army Warrant Officers Association,AUSAPavilion,
U.S. Army Women's Foundation,313,Hall ABC
U.S. Commercial Service,6000,Hall DE
U.S. Department of Veterans Affairs,408,Hall ABC
Ukrainian Defense Tech Pavilion,ODA1,Outdoor Exhibits
UKRSPECSYSTEMS LLC,ODA1,Outdoor Exhibits
Ultra I&C,139,Hall ABC
UMBRAGROUP,4325,Hall ABC
United States Army RANGER Association,AUSAPavilion,
United States Cavalry and Armor Association,AUSAPavilion,
United States Field Artillery Association,AUSAPavilion,
United Through Reading,532,Hall ABC
UNWAVE,ODA1,Outdoor Exhibits
US Army Officer Candidate Schools Alumni Association,AUSAPavilion,
US Ordnance,3247,Hall ABC
USAA,7021,Hall DE
USAREC,1611,Hall ABC
USO,432,Hall ABC
USOA Dba Warrior Win Your Battles,508,Hall ABC
UTS Systems,8545,Hall DE
Uvision Inc,1167,Hall ABC
UXV Technologies,7817,Hall DE
V2X,2003,Hall ABC
"VALD Group, Inc.",7327,Hall DE
Vault Cloud,7627,Hall DE
VectorNav Technologies,1861,Hall ABC
Veptos,405,Hall ABC
Vet Centers,412,Hall ABC
Veterans Benefits Administration,414,Hall ABC
Veterans Health Administration,410,Hall ABC
Veterans United Home Loans,2503,Hall ABC
Viasat,7015,Hall DE
Vincorion,7018,Hall DE
Virginia Economic Development Partnership,167,Hall ABC
Visionary Machines,7627,Hall DE
VITEC,7543,Hall DE
"VITZROCELL CO.,Ltd.",1939,Hall ABC
WAHTS Hearing LLC,7522,Hall DE
Walaris,520,Hall ABC
"Wall Industries, Inc.",7421,Hall DE
Waltonen Engineering Inc.,3752,Hall ABC
Warrior Games,311,Hall ABC
WEGSol,7817,Hall DE
Weibel Scientific A/S,7817,Hall DE
West Point Association of Graduates,AUSAPavilion,
West-Mark,4254,Hall ABC
Western Global,3354,Hall ABC
Western Governors University,8543,Hall DE
Wilcox Industries,3907,Hall ABC
"Wiley X, Inc.",4225,Hall ABC
Willowview Consulting Inc.,7327,Hall DE
"WONWOO Engineering Co., Ltd.",1939,Hall ABC
"Woodway USA, Inc.",7327,Hall DE
World Fuel,3915,Hall ABC
Wounded Warrior Project,612,Hall ABC
XR Training,131,Hall ABC
XTEND Reality Inc.,7207,Hall DE
"Zarges, Inc",4244,Hall ABC
ZF Friedrichshafen AG,6915,Hall DE
Zone 5 Technologies,767,Hall ABC
